{
    "metadata": {
        "by": "komaru",
        "name":"Русский",
        "nontypical":false
    },
    "tech": {
        "internetcheck": "Проверка соединения",
        "noconn": "Отсутствие подключения к Интернету",
        "nocert": "У вас не установлен необходимый сертификат\nПожалуйста установите его с ресурса - https://crt.sh/?d=2835394",
        "nextver": "\nНовая версия {} доступна!",
        "nextverq": "Хотите скачать её сейчас?",
        "proxylessalerttitle": "РАБОТА БЕЗ ПРОКСИ",
        "proxylessalert": "Вы пытаетесь запустить чекер без прокси. Я рекомендую вам этого не делать, так как это может привести к блокировке вашего IP в Riot. Для покупки хороший прокси, вы можете присоединиться к моему серверу Discord.",
        "accselection": "Нажмите Tab, чтобы показать файлы в директории Нажмите Enter, чтобы выбрать файл",
        "accselectiontitle": "Выберите файл с комбо ИЛИ .vlchkr, чтобы продолжить проверку:",
        "notkintererr": "tkinter не установлен. Пожалуйста, установите его для работы с графическим интерфейсом или используйте консольный режим -c",
        "inputthreads":"Кол-во потоков (мин 1 макс 5000) (Прокси: {})",
        "noaccountserr":"В файле отсутствуют аккаунты."
    },
    "parts": {
        "mainmenu": {
            "start": "Запустить чекер",
            "startsl": "Чекер одиночных строк",
            "editset": "Изменить настройки",
            "sortval": "Отсортировать валид",
            "testproxy": "Прокси чекер",
            "info": "Инфо",
            "exit": "Выход",
            "guide": "\nИспользуйте клавиши со стрелками для выбора и ENTER для подтверждения\nПожалуйста, выберите опцию:",
            "done": "Готово. нажмите ENTER или кнопку питания на компьютере, чтобы выйти."
        },
        "titles": {
            "base": "ValChecker {} by liljaba1337",
            "accs": "Загрузка аккаунтов",
            "sett": "Загрузка настроек",
            "prox": "Загрузка прокси",
            "assets": "Загрузка ассетов",
            "checker": "Загрузка чекера"
        },
        "slchecker": {
            "capskinsq": "Проверять скины?",
            "invalidaptoken": "Ваш токен AntiPublic недействителен или сервер не работает. Пожалуйста, попросите разработчика выдать вам новый (на сервере discord).",
            "input": "Аккаунт (login:password) или \"E\" для выхода",
            "rlerr": "Ratelimit. Подождите 30-60 секунд и повторите попытку",
            "invacc": "Невалид",
            "pbacc": "Заблокирован навсегда",
            "unknowreg": "Неизвестный регион",
            "output": "Заблокирован до: {}\n{}#{}\nРегион: {}\tСтрана: {}\nРанг: {}\tУровень: {}\nvp: {}\trp: {}\nПоследняя игра: {}\nПриват: {}",
            "skins": "Скины"
        },
        "checker":{
            "banneduntil":"Заблокирован до {}",
            "permbanned":"Заблокирован навсегда",
            "outputlines":[
                "Полный доступ: {} | Уровень: {} | Регион: {} , {}",
                "Ранг: {} | Последняя игра: {}",
                "Valorant Points: {} | Radianite: {} | Скинов: {}",
                "Дата создания: {}",
                "Ник в игре: {}#{}",
                "Приват: {}"
            ],
            "ui":{
                "valid":"Валид",
                "banned":"Бан",
                "tempbanned":"Временный бан",
                "errors":"Ошибка",
                "retries":"Попытки",
                "withskins":"Со скинами",
                "unverifiedmail":"Неподтвержденная почта",
                "private":"Приват",
                "esttime":"Примерное оставшееся время"
            },
            "finished":"Проверка завершена. Нажмите ENTER кнопку питания компьютера для выхода"
        },
        "settings":{
            "cooldown":"Задержка между проверкой аккаунтов",
            "skipkr":"Пропускать KR-аккаунты",
            "appart":"Участвовать в AntiPublic (альфа)",
            "aptoken":"Токен AntiPublic",
            "checkbanned":"Проверять заблокированные аккаунты",
            "accuraterank":"Использовать более точную проверку проверки рангов (более медленную)",
            "exit":"Выйти",
            "select":"Выберите опцию для изменения:",
            "input":{
                "cooldown":"Введите количество секунд ожидания между проверками аккаунтов (мин. 0) >>>",
                "skipkr":"Пропускать KR-аккаунты? (безполезные)?",
                "appart":"Хотите принять участие в AntiPublic (alpha)?",
                "aptoken":"Ваш токен AntiPublic. Это важно только в том случае, если вы хотите принять участие в альфа-тесте AntiPublic.\nВы можете запросить доступ на нашем discord-сервере.",
                "checkban":"Проверять ли заблокированные аккаунты?",
                "checkrank":"Проверять ранг если уровень < 20?\nПроверка будет более медленной, но более точной для некоторых аккаунтов."
            }
        },
        "proxychecker":{
            "nofile":"Файл с прокси не найден. Нажмите enter для возврата",
            "deletebad":"Удалить невалиды?",
            "alert":"Этот инструмент проверяет, может ли чекер подключится к прокси.\nЭТО НЕ ГАРАНИРУЕТ РАБОТОСПОСОБНОСТЬ ПРОКСИ\nВ ЧЕКЕРЕ, ПОТОМУ ЧТО RIOT БЛОКИРУЕТ ПУБЛИЧНЫЕ ПРОКСИ",
            "exit":"Нажмите enter для возврата"
        }
    },
    "data": {
        "bool":{
            "True":"Да",
            "False":"Нет"
        },
        "ranks": {
            "unranked": "Без ранга",
            "iron": "Железо",
            "bronze": "Бронза",
            "silver": "Серебро",
            "gold": "Золото",
            "platinum": "Платина",
            "diamond": "Алмаз",
            "ascendant": "Рассвет",
            "immortal": "Иммортал",
            "radiant": "Радиант",
            "locked": "Ранговый недоступен",
            "unknown": "Неизвестный"
        },
        "lplt":"давно"
    }
}